date,region,product,quantity,price,sales
2023-01-01,East,Product B,47.0,204.53737020622393,9486.841986189758
2023-01-02,West,Product C,12.0,52.67545572992803,522.7618105494952
2023-01-03,North,Product A,62.0,312.3625928977226,19452.724100614334
2023-01-04,East,Product A,80.0,65.78081280353469,5296.515833556977
2023-01-05,East,Product A,88.0,179.15933997282912,15722.163346540496
2023-01-06,West,Product A,,258.63184997172635,
2023-01-07,North,Product D,8.0,438.36903709573613,3411.5483832114533
2023-01-08,North,Product A,95.0,251.83782436665814,23935.619226581413
2023-01-09,East,Product D,21.0,354.1067953555155,7449.098094804832
2023-01-10,South,Product D,81.0,496.4802511095445,40177.522179354004
2023-01-11,East,Product A,87.0,74.42966875001099,6391.85261069188
2023-01-12,East,Product A,80.0,144.61844750456456,11576.500658186644
2023-01-13,East,Product B,70.0,203.34227704284675,14228.461278669181
2023-01-14,East,Product C,72.0,216.69580748402737,15555.51593095801
2023-01-15,West,Product A,25.0,211.40032688011743,5181.626724984861
2023-01-16,North,Product B,82.0,454.72939125271193,37289.057787655925
2023-01-17,West,Product B,89.0,359.87599578875967,31982.63138871595
2023-01-18,West,Product C,,307.87355490444486,
2023-01-19,West,Product D,15.0,161.59263175276322,2428.2424573672592
2023-01-20,East,Product A,59.0,413.6572882684344,24566.61055504317
2023-01-21,South,Product C,26.0,477.97965062764456,12390.78814972805
2023-01-22,North,Product A,26.0,412.387158449611,10871.843773814087
2023-01-23,South,Product B,47.0,10.766901543821723,717.4775440326305
2023-01-24,West,Product B,32.0,321.8366713898694,10203.431594238054
2023-01-25,West,Product D,10.0,35.056336906629355,351.46778988618996
2023-01-26,South,Product B,16.0,136.2275379635237,2390.01379919801
2023-01-27,South,Product B,71.0,39.167103170408126,2768.7563289580726
2023-01-28,South,Product C,17.0,305.8597719452,5203.29733764494
2023-01-29,West,Product A,23.0,346.42905761137735,7800.867777624189
2023-01-30,West,Product A,26.0,66.09894265229352,1665.4063189276646
2023-01-31,North,Product C,85.0,198.08105269203995,16892.44834729029
2023-02-01,North,Product D,86.0,233.55588938821558,20328.734751681666
2023-02-02,West,Product A,7.0,,
2023-02-03,South,Product B,14.0,,
2023-02-04,South,Product A,79.0,215.28441719186296,16866.94403907984
2023-02-05,North,Product B,7.0,378.0772434261249,2642.9617353890444
2023-02-06,West,Product D,,44.793755621295176,
2023-02-07,North,Product C,48.0,49.28820690013269,2429.5692994939086
2023-02-08,North,Product A,72.0,183.83793299963227,13282.356762324536
2023-02-09,East,Product C,59.0,471.44559869327327,27946.20476159488
2023-02-10,East,Product A,87.0,337.60059689422786,29299.22902104593
2023-02-11,East,Product B,93.0,342.54827876955676,31858.899397564535
2023-02-12,South,Product C,82.0,187.34079551055385,15309.907019845175
2023-02-13,West,Product A,95.0,300.8937876921838,28557.764257212257
2023-02-14,West,Product B,94.0,14.964280173594256,1306.0154008853117
2023-02-15,West,Product C,39.0,321.6870627406757,12511.397839742973
2023-02-16,West,Product C,99.0,457.510604312356,45290.77827029871
2023-02-17,East,Product A,18.0,310.1609994889614,5545.75084081515
2023-02-18,South,Product A,59.0,438.11231079850904,25832.520186810652
2023-02-19,South,Product A,17.0,364.746797178386,6241.199606376281
2023-02-20,East,Product B,14.0,69.07362403780823,1090.9003134357552
2023-02-21,South,Product A,31.0,452.20212057006245,14149.381324483196
2023-02-22,East,Product C,24.0,42.55748373432969,1097.521786363612
2023-02-23,West,Product C,99.0,271.64406154840424,26766.763945448187
2023-02-24,East,Product A,60.0,79.64719065879426,4742.790440970671
2023-02-25,West,Product A,45.0,15.736239258142993,680.7022635451746
2023-02-26,West,Product D,98.0,216.7967874625431,21180.37018825037
2023-02-27,North,Product C,3.0,154.56994675053656,497.9449581545703
2023-02-28,East,Product B,37.0,248.14024196082548,9021.756103222397
2023-03-01,North,Product D,43.0,292.8279444999299,12760.958260449815
2023-03-02,East,Product A,40.0,31.432145431384207,1376.8078844075399
2023-03-03,East,Product A,90.0,70.27161461063537,6372.265541147359
2023-03-04,North,Product C,55.0,283.73477426070843,15599.201651346946
2023-03-05,North,Product A,87.0,178.15200305460255,15622.108195257677
2023-03-06,East,Product B,39.0,367.2950088992295,14393.445840747978
2023-03-07,South,Product C,15.0,329.62290781005044,5055.007395572566
2023-03-08,West,Product A,4.0,424.34613786505435,1691.4793432342333
2023-03-09,North,Product C,93.0,349.3214850679204,32665.82941990301
2023-03-10,West,Product A,86.0,220.66622792117258,19093.984388789828
2023-03-11,South,Product A,25.0,339.7536449732719,8544.79475387539
2023-03-12,South,Product A,13.0,144.93677538515507,2009.7753720501314
2023-03-13,South,Product B,82.0,160.0936144013242,13085.760186725187
2023-03-14,North,Product B,33.0,396.6027283611887,12971.139999984525
2023-03-15,South,Product C,16.0,228.74556303677525,3692.084059893152
2023-03-16,North,Product A,42.0,401.20636685399273,16844.958363286347
2023-03-17,South,Product A,66.0,412.9869630974564,27237.36783020436
2023-03-18,West,Product B,55.0,430.20554545402905,23782.936203906538
2023-03-19,West,Product A,99.0,459.1512655621916,45472.68921197803
2023-03-20,East,Product B,42.0,221.18275805151515,9316.032745517185
2023-03-21,West,Product A,34.0,166.24474097735802,5619.615937354763
2023-03-22,East,Product C,30.0,295.2773858311158,8946.433888861427
2023-03-23,West,Product A,13.0,191.8744874844375,2564.5559154284792
2023-03-24,North,Product A,13.0,304.52634173211413,4046.208410206913
2023-03-25,West,Product D,18.0,355.73707269547407,6353.540911854915
2023-03-26,East,Product B,32.0,347.31845906114705,11244.599535961404
2023-03-27,East,Product A,96.0,193.53091463985947,18762.844647803147
2023-03-28,South,Product A,99.0,91.76149883238888,9168.592224138969
2023-03-29,North,Product D,39.0,220.9593758464817,8536.486829288357
2023-03-30,West,Product D,46.0,79.87113060013527,3593.8517791826025
2023-03-31,South,Product B,29.0,446.1475472400661,12900.741174402609
2023-04-01,West,Product D,62.0,179.47995576155014,11071.319535814258
2023-04-02,West,Product C,93.0,85.68527613942865,7961.621418398138
2023-04-03,South,Product D,62.0,22.46940235381793,1456.3471925734964
2023-04-04,South,Product C,57.0,326.45296928037726,18636.81449305649
2023-04-05,South,Product B,16.0,,
2023-04-06,South,Product B,56.0,176.89604162483292,9882.05805601063
2023-04-07,South,Product B,10.0,45.13882553534899,444.003662637035
2023-04-08,West,Product B,30.0,210.71815849866368,6401.202305712811
2023-04-09,South,Product B,25.0,162.49657258106285,3861.21851177659
2023-04-10,North,Product C,84.0,341.7891134701546,28709.14649064511
2023-04-11,East,Product C,5.0,306.8318322318183,1562.9579206518238
2023-04-12,South,Product B,65.0,188.6509268167946,12340.668549946377
2023-04-13,South,Product D,,116.76735158494515,
2023-04-14,West,Product A,49.0,494.13762341624,24106.45257915045
2023-04-15,South,Product B,3.0,232.4607943860963,755.7778826461023
2023-04-16,South,Product D,45.0,347.25437553231615,15436.001674928535
2023-04-17,South,Product A,14.0,78.87095411339678,1237.4122686636333
2023-04-18,West,Product B,30.0,247.93895283310493,7460.82778414243
2023-04-19,South,Product B,68.0,23.49299273603809,1753.3956273349338
2023-04-20,East,Product C,18.0,257.67300777612047,4529.406902313217
2023-04-21,West,Product A,62.0,482.36852948767415,29863.212881363972
2023-04-22,East,Product A,37.0,198.26128936304212,7094.88087373987
2023-04-23,West,Product D,25.0,29.108046161706678,648.1321777431393
2023-04-24,South,Product C,48.0,25.168337550478327,1189.6955143507719
2023-04-25,East,Product C,65.0,200.11351237396605,12811.10754630695
2023-04-26,West,Product C,53.0,88.41221886696508,4646.384918729309
2023-04-27,North,Product C,79.0,21.442527200811096,1495.2256311780523
2023-04-28,South,Product A,73.0,380.54467083558666,27754.014952506684
2023-04-29,West,Product A,15.0,234.67627435212643,3634.85530799272
2023-04-30,North,Product B,49.0,151.72993826660073,7431.269000052023
2023-05-01,West,Product B,88.0,451.0407596780756,39857.407588931834
2023-05-02,North,Product C,68.0,66.90809049825755,4628.379410220974
2023-05-03,South,Product C,12.0,478.4002261881064,5875.617499117973
2023-05-04,East,Product C,59.0,163.84369151490287,9590.283275291442
2023-05-05,North,Product B,37.0,445.3177994312538,16397.84441611713
2023-05-06,West,Product D,61.0,305.4420094749361,18666.52391960964
2023-05-07,South,Product D,43.0,415.08660627332887,17690.953860589856
2023-05-08,North,Product B,70.0,492.1664499731275,34498.76587309514
2023-05-09,West,Product B,39.0,151.3186645311854,5869.035935061537
2023-05-10,West,Product B,56.0,,
2023-05-11,West,Product B,63.0,,
2023-05-12,North,Product B,46.0,198.90083332109194,9259.108975804242
2023-05-13,North,Product B,88.0,176.78968108470778,15482.071327314781
2023-05-14,North,Product C,11.0,275.2897276003167,3133.0080304796566
2023-05-15,East,Product C,62.0,85.53107115745868,5447.397661198866
2023-05-16,North,Product C,77.0,281.3186278254255,21657.662960219728
2023-05-17,North,Product C,98.0,275.43535808090195,26918.73002999174
2023-05-18,North,Product B,25.0,383.3318881763863,9511.118484286219
2023-05-19,East,Product D,71.0,418.48848134941693,29836.583475010197
2023-05-20,North,Product A,52.0,225.8162616530878,12010.880180202897
2023-05-21,West,Product B,4.0,158.14329218223193,534.4086617114056
2023-05-22,North,Product A,59.0,137.0740996853763,7981.519876432945
2023-05-23,West,Product D,72.0,105.36567998538725,7678.47037701533
2023-05-24,West,Product C,20.0,38.24731527752219,689.5549526137794
2023-05-25,West,Product D,93.0,177.79950962900955,16637.189933920716
2023-05-26,East,Product B,63.0,142.4213691440838,9019.080873429944
2023-05-27,East,Product C,54.0,483.5445190745396,26109.006299775345
2023-05-28,East,Product B,74.0,283.27732486252154,21006.649193278765
2023-05-29,North,Product C,98.0,180.1657491249487,17694.26325116031
2023-05-30,West,Product A,57.0,294.429124486911,16764.499445975307
2023-05-31,East,Product A,90.0,78.2063836593908,6862.938426181322
2023-06-01,East,Product A,41.0,227.58143710907942,9348.70399433116
2023-06-02,North,Product D,3.0,316.8548174963213,1107.8704890953802
2023-06-03,East,Product B,6.0,249.55993757830117,1336.4827591493547
2023-06-04,North,Product D,5.0,206.87161232061888,937.7795595892001
2023-06-05,South,Product A,5.0,496.9857105608521,2527.6112502808614
2023-06-06,East,Product B,54.0,,
2023-06-07,South,Product A,47.0,315.4689194981257,14868.157432370335
2023-06-08,North,Product D,87.0,288.99490697931856,25072.625086417946
2023-06-09,West,Product D,49.0,314.1236351140462,15508.303949247493
2023-06-10,East,Product D,9.0,108.64293283299229,982.4764520659517
2023-06-11,North,Product A,99.0,203.61749419951613,20227.8304779864
2023-06-12,West,Product B,20.0,29.335171116540664,618.7311634279229
2023-06-13,West,Product B,61.0,243.01755836854505,14841.620557277347
2023-06-14,South,Product A,35.0,276.08204613925494,9725.554980576735
2023-06-15,North,Product B,50.0,121.5973706905727,6098.51732992533
2023-06-16,West,Product A,82.0,482.37413511110174,39435.65917630079
2023-06-17,East,Product B,62.0,455.6327593592486,28357.96676284501
2023-06-18,East,Product C,17.0,,
2023-06-19,South,Product C,,271.3594480950277,
2023-06-20,West,Product D,,436.2848882273656,
2023-06-21,North,Product C,32.0,74.01964847349683,2472.864797401179
2023-06-22,East,Product C,99.0,397.3497991946937,39154.93726562689
2023-06-23,West,Product C,13.0,71.16219884375568,1019.4652731588983
2023-06-24,West,Product A,89.0,399.16322464920864,35511.404740214144
2023-06-25,South,Product C,73.0,145.1261084431649,10728.234173384435
2023-06-26,East,Product C,68.0,439.77438469891257,29904.543480618508
2023-06-27,East,Product D,14.0,472.58062597444496,6543.921964342667
2023-06-28,North,Product C,,82.91002500850666,
2023-06-29,East,Product C,11.0,236.71104648204283,2600.7829623514726
2023-06-30,North,Product B,56.0,490.6838152997157,27397.208543370012
2023-07-01,East,Product D,67.0,246.86964362684185,16762.100471299542
2023-07-02,South,Product D,92.0,433.1382860321271,39751.612496797265
2023-07-03,East,Product D,29.0,298.4784458443467,8431.579391980076
2023-07-04,North,Product D,9.0,193.9116548806049,1903.3747907375935
2023-07-05,North,Product D,67.0,150.0339422076764,9993.917780682727
2023-07-06,South,Product D,,109.57931463218276,
2023-07-07,East,Product A,98.0,383.2811137750716,37525.758543494114
2023-07-08,East,Product C,76.0,199.40484834328365,15097.803330673723
2023-07-09,South,Product D,42.0,260.5249764783681,10865.429764965116
2023-07-10,East,Product C,9.0,251.23948520057914,2161.473636555516
2023-07-11,East,Product C,79.0,292.8667243242343,23142.947197784968
2023-07-12,North,Product A,40.0,434.1328013560306,17325.11329847366
2023-07-13,East,Product D,25.0,490.5622783558804,12337.093177930405
2023-07-14,East,Product B,,209.7162622011703,
2023-07-15,South,Product A,11.0,,
2023-07-16,South,Product B,59.0,384.61861938081165,22703.350671075124
2023-07-17,West,Product C,98.0,291.0291862132309,28479.07641648449
2023-07-18,North,Product C,88.0,478.4631003698472,42005.58678828319
2023-07-19,East,Product A,79.0,108.23251260891736,8619.311653155984
2023-07-20,East,Product A,38.0,63.53946305171449,2402.367068034314
2023-07-21,West,Product B,72.0,428.44136380815684,30807.023192170243
2023-07-22,East,Product D,5.0,225.18341015053667,1040.3603271103555
2023-07-23,North,Product B,48.0,425.01473856145964,20297.91377484273
2023-07-24,West,Product A,90.0,447.6142005457533,40484.15485150925
2023-07-25,North,Product B,18.0,40.60422087334501,764.2878406832098
2023-07-26,West,Product A,70.0,442.8977338631697,30893.7284667016
2023-07-27,West,Product B,,229.67633713101688,
2023-07-28,South,Product A,60.0,260.1119196120738,15712.91679440398
2023-07-29,North,Product A,48.0,317.030330435673,15234.20762216531
2023-07-30,East,Product A,77.0,463.92747729774254,35859.81788613949
2023-07-31,East,Product D,,19.366886270584374,
2023-08-01,North,Product B,69.0,243.65329947573036,16612.945459087376
2023-08-02,East,Product B,77.0,346.9838007909747,26743.80440309043
2023-08-03,East,Product B,,364.1264092721319,
2023-08-04,North,Product A,40.0,349.3408914531829,13639.685640301892
2023-08-05,West,Product B,45.0,75.87321340997971,3351.9369943288852
2023-08-06,North,Product B,96.0,156.7038383021238,14942.70224556554
2023-08-07,West,Product A,62.0,185.77060745433658,11378.583038098552
2023-08-08,East,Product C,93.0,404.17423176295745,37487.09937749406
2023-08-09,East,Product A,58.0,146.592337483131,8561.934354181534
2023-08-10,East,Product B,67.0,113.24543229492956,7485.703461631309
2023-08-11,South,Product A,56.0,479.14952932866714,26734.061428947178
2023-08-12,West,Product C,40.0,14.34300970559976,411.8398573382225
2023-08-13,South,Product A,98.0,498.9322192841693,49022.248454100176
2023-08-14,South,Product B,40.0,341.64243644012384,13709.160694152019
2023-08-15,North,Product C,91.0,415.94995673006736,37602.21044214584
2023-08-16,South,Product D,77.0,154.36350420963464,11787.765816219548
2023-08-17,North,Product B,33.0,17.01448605685939,614.3298283158524
2023-08-18,North,Product C,6.0,371.55606409514974,2357.4756394691817
2023-08-19,South,Product C,88.0,418.7308525303311,36932.3988986058
2023-08-20,West,Product D,19.0,372.8333046572244,7048.264497461475
2023-08-21,West,Product A,80.0,79.99664077741092,6206.59357611357
2023-08-22,West,Product A,40.0,379.17968190591483,15254.212175627725
2023-08-23,West,Product B,92.0,386.7721632327441,35553.349332280406
2023-08-24,West,Product D,97.0,332.6848526783269,32277.316911259215
2023-08-25,South,Product A,59.0,385.3968070698372,22720.669573299547
2023-08-26,South,Product D,59.0,424.5015054420887,24910.03587112561
2023-08-27,East,Product A,48.0,310.66601597635463,14948.393788087322
2023-08-28,West,Product C,41.0,53.41630984514274,2212.714606762197
2023-08-29,South,Product A,13.0,248.9376267369333,3193.610263288653
2023-08-30,East,Product D,45.0,48.04817398908648,2209.2784094951403
2023-08-31,West,Product C,89.0,209.6960852058911,18525.55162858198
2023-09-01,North,Product C,53.0,209.48217967155753,11075.655245004238
2023-09-02,East,Product C,42.0,42.34482362871837,1781.0953396997506
2023-09-03,South,Product D,63.0,180.92206164504486,11224.59712042432
2023-09-04,North,Product B,27.0,64.38906840774428,1732.7951859254902
2023-09-05,North,Product B,38.0,406.03525290451887,15502.704125039847
2023-09-06,North,Product B,,474.36713272259067,
2023-09-07,East,Product D,7.0,45.43507287638992,314.63401988329497
2023-09-08,South,Product C,,478.0064515729337,
2023-09-09,North,Product B,45.0,266.0625336750051,11934.034004488603
2023-09-10,West,Product D,58.0,156.7871821973982,9063.876827494667
2023-09-11,North,Product B,31.0,47.66241688532012,1359.864571991677
2023-09-12,North,Product A,,255.30589135450472,
2023-09-13,East,Product B,42.0,399.31261680046686,16737.64505725913
2023-09-14,East,Product B,10.0,,
2023-09-15,South,Product C,32.0,34.61074561734715,1163.8898551734326
2023-09-16,West,Product D,53.0,45.72189933027272,2502.3815684057427
2023-09-17,East,Product C,30.0,207.4079084899922,6171.411219610252
2023-09-18,North,Product C,39.0,154.6923420834922,5815.343232693784
2023-09-19,South,Product C,31.0,123.86831829746345,3914.0818418678446
2023-09-20,North,Product C,82.0,147.69220446526967,12153.872862561853
2023-09-21,North,Product C,2.0,403.70654421547346,743.8839279623379
2023-09-22,East,Product B,78.0,465.3217462796084,36350.59022976619
2023-09-23,South,Product C,77.0,208.50032031850753,15909.665684273457
2023-09-24,West,Product C,93.0,453.9943910449236,42324.50238846492
2023-09-25,West,Product D,12.0,167.53289361146216,1977.0322681581408
2023-09-26,East,Product A,39.0,243.4541233084579,9411.818047729368
2023-09-27,East,Product B,66.0,120.75420892983986,7907.607633745542
2023-09-28,South,Product B,96.0,323.83326066616354,31064.844525351677
2023-09-29,West,Product B,13.0,489.70074643565636,6364.908496333586
2023-09-30,West,Product C,46.0,305.71161706125554,14067.562412857696
2023-10-01,West,Product C,27.0,185.32890121563895,4960.91958842644
2023-10-02,North,Product C,17.0,327.4305485353589,5586.343282447249
2023-10-03,West,Product D,95.0,70.23113244803992,6672.785509997136
2023-10-04,North,Product A,98.0,445.44294933004534,43588.651734787
2023-10-05,South,Product C,60.0,256.5111358821198,15310.849090485062
2023-10-06,North,Product A,64.0,230.1813735994246,14792.444464652659
2023-10-07,South,Product D,88.0,297.0737463422244,26194.92228171554
2023-10-08,West,Product B,35.0,316.1440927668072,11070.756882354377
2023-10-09,West,Product C,70.0,45.17014505099139,3254.3297001684173
2023-10-10,South,Product A,83.0,344.4824383994672,28395.909621539013
2023-10-11,East,Product A,30.0,128.5465233546095,3799.9562364876147
2023-10-12,South,Product C,71.0,359.836789928229,25432.780373670794
2023-10-13,East,Product B,74.0,413.0420492482564,30790.738870884757
2023-10-14,North,Product B,96.0,403.93966870073496,38849.53017731015
2023-10-15,North,Product B,98.0,280.72547402986567,27503.190256561007
2023-10-16,North,Product D,63.0,264.8832472322681,16766.143633517506
2023-10-17,West,Product A,28.0,80.00922105631174,2351.8857559522403
2023-10-18,North,Product A,60.0,389.9196136975364,23505.739991004593
2023-10-19,East,Product A,79.0,,
2023-10-20,North,Product D,94.0,253.3807571807938,23791.537142666413
2023-10-21,South,Product A,37.0,149.2943055344832,5473.752762827482
2023-10-22,South,Product D,93.0,75.57589786984964,6932.339583897948
2023-10-23,West,Product B,,318.4832714769509,
2023-10-24,South,Product C,68.0,,
2023-10-25,East,Product A,20.0,376.836164721838,7494.87619138504
2023-10-26,North,Product A,96.0,165.61752967794718,15852.216712910149
2023-10-27,West,Product B,68.0,10.065999572197807,829.5072339729197
2023-10-28,North,Product C,91.0,260.4532782262426,23796.516359872243
2023-10-29,North,Product D,64.0,32.95743517852553,2292.3152370384505
2023-10-30,East,Product C,17.0,145.32308333224074,2523.3940466373037
2023-10-31,South,Product B,12.0,356.41847885330094,4282.717190265101
2023-11-01,South,Product B,22.0,40.71791459471427,893.2538760092215
2023-11-02,North,Product C,17.0,,
2023-11-03,West,Product D,10.0,11.871762102705723,-7.424278148082834
2023-11-04,South,Product D,65.0,130.9436959089321,8562.074336269876
2023-11-05,West,Product A,22.0,373.042987514515,8113.477854271005
2023-11-06,South,Product D,90.0,164.97237336736032,14868.659378449152
2023-11-07,West,Product C,82.0,59.92727015234663,5025.582820801945
2023-11-08,East,Product B,50.0,186.51462021220965,9259.185617307394
2023-11-09,West,Product A,14.0,142.4927103284175,2195.9461080570027
2023-11-10,East,Product A,64.0,422.9288320586719,26968.37573966059
2023-11-11,East,Product B,47.0,163.54047961672015,7785.422017634832
2023-11-12,West,Product D,29.0,396.57691117024353,11543.206042050298
2023-11-13,East,Product B,,447.01735095726,
2023-11-14,North,Product D,36.0,222.57053559249948,7900.919520194012
2023-11-15,East,Product B,99.0,455.87214048865206,45362.04400007192
2023-11-16,South,Product C,52.0,194.8858464419645,10116.186506603863
2023-11-17,West,Product D,76.0,482.398424080153,36729.94502402156
2023-11-18,North,Product C,7.0,53.751867017530735,520.7118180173652
2023-11-19,West,Product A,29.0,346.63944058658893,9992.077570261557
2023-11-20,South,Product B,11.0,251.96887982389504,2854.230314357563
2023-11-21,South,Product A,33.0,199.94791467326706,6521.134219695664
2023-11-22,South,Product A,6.0,320.02882058681445,2059.8690815666705
2023-11-23,East,Product A,79.0,354.88997490082227,27960.289944042088
2023-11-24,East,Product A,32.0,12.138002128651452,392.2667663664224
2023-11-25,West,Product B,51.0,91.80701348612737,4712.769757893692
2023-11-26,West,Product A,75.0,359.39256481081617,27032.872337783472
2023-11-27,North,Product B,58.0,336.52885265332117,19715.521084735283
2023-11-28,North,Product B,87.0,483.36327751305186,42007.408244674065
2023-11-29,West,Product C,26.0,382.9085172228837,10069.494925222336
2023-11-30,East,Product D,98.0,475.87862678835563,46833.13127012226
2023-12-01,South,Product D,46.0,354.2448457520554,16311.836240681043
2023-12-02,West,Product B,98.0,156.04558223332714,15237.453783854031
2023-12-03,North,Product C,29.0,61.62881190291967,1614.2321712411413
2023-12-04,East,Product B,4.0,393.09369303901843,1760.70234889718
2023-12-05,West,Product B,81.0,325.6331185231988,26351.838167386664
2023-12-06,West,Product B,,33.61114607271515,
2023-12-07,East,Product C,13.0,186.4247282914794,2287.688459368256
2023-12-08,West,Product D,39.0,478.83190958730023,18574.123054865708
2023-12-09,East,Product C,,255.1965613979986,
2023-12-10,South,Product A,29.0,222.03727664965527,6544.867875607476
2023-12-11,East,Product C,29.0,234.27280652805405,6859.123576459121
2023-12-12,East,Product C,75.0,112.35253476253023,8439.673889925103
2023-12-13,East,Product C,,190.66651372374966,
2023-12-14,West,Product C,2.0,191.20849543371654,309.42289627722835
2023-12-15,West,Product D,47.0,35.653959891861476,1565.0741738493618
2023-12-16,East,Product A,78.0,386.10813797377995,30173.716862507463
2023-12-17,West,Product D,84.0,214.0871716329007,17876.991169277488
2023-12-18,North,Product D,22.0,412.8681445400474,9011.674568775683
2023-12-19,North,Product C,75.0,426.67052054874875,31981.940316856308
2023-12-20,West,Product B,27.0,113.87708680234245,2907.701328353611
2023-12-21,West,Product B,,332.103206263363,
2023-12-22,East,Product D,81.0,241.41808403986104,19544.14951912519
2023-12-23,South,Product D,56.0,441.2768015815277,24829.92180316172
2023-12-24,West,Product C,,115.71293279646252,
2023-12-25,North,Product D,93.0,342.12846815192165,31688.02798629748
2023-12-26,East,Product C,21.0,307.79853990383407,6426.363373021387
2023-12-27,West,Product B,47.0,154.69772401019807,7160.983899135707
2023-12-28,North,Product B,80.0,76.93444278907458,6158.670882307279
2023-12-29,North,Product A,59.0,,
2023-12-30,South,Product B,84.0,371.912754484842,31180.136836389
2023-12-31,East,Product D,6.0,164.6573984440415,895.1072236820269
2024-01-01,East,Product B,19.0,325.96797597093376,6250.167251156348
2024-01-02,South,Product C,57.0,203.6141447296366,11524.94977862675
2024-01-03,South,Product B,69.0,359.47137280848267,24629.915147925454
2024-01-04,East,Product A,3.0,107.61548469808602,302.66444440080323
2024-01-05,East,Product B,1.0,446.20535129172544,478.19396531917636
2024-01-06,West,Product C,58.0,150.83070226813408,8721.060212225704
2024-01-07,West,Product C,,190.21513400051492,
2024-01-08,South,Product D,15.0,38.465056519371394,509.81963773214466
2024-01-09,West,Product B,34.0,64.64098403742543,2209.0882605166676
2024-01-10,North,Product C,61.0,262.77233232904075,15940.167397147532
2024-01-11,West,Product A,35.0,141.12041159670602,4906.366108743658
2024-01-12,West,Product D,64.0,419.38531061367524,26915.70453636395
2024-01-13,North,Product A,25.0,17.199760440927385,299.86170313262005
2024-01-14,South,Product B,,195.75608384924874,
2024-01-15,North,Product B,12.0,175.29931791685541,1924.6928737225644
2024-01-16,West,Product B,18.0,19.470539149624507,373.2626716942364
2024-01-17,South,Product D,15.0,70.94051551025001,966.2268115738441
2024-01-18,West,Product C,80.0,212.68491071013128,17116.75203811358
2024-01-19,North,Product D,27.0,251.50364637924883,6642.903721275184
2024-01-20,North,Product A,72.0,208.10197615488585,15027.550186831882
2024-01-21,West,Product D,60.0,270.159462421926,16331.680853168207
2024-01-22,East,Product A,46.0,301.61452070378397,13771.199012232015
2024-01-23,East,Product D,89.0,14.862672352639459,1236.589346485418
2024-01-24,North,Product C,17.0,237.4066281322169,3941.493113810028
2024-01-25,North,Product A,93.0,482.11462803491827,44788.07413840697
2024-01-26,East,Product B,53.0,264.3258172634789,14061.010494883327
2024-01-27,East,Product B,8.0,341.99571105488707,2679.215195050384
2024-01-28,West,Product D,79.0,162.81329037927276,12750.154117441913
2024-01-29,West,Product B,27.0,389.25577529485366,10308.03056230272
2024-01-30,East,Product A,46.0,388.7315261192964,18041.844952138876
2024-01-31,West,Product B,50.0,265.4350633505281,13439.802730567868
2024-02-01,West,Product C,71.0,488.24677340681467,34721.54461583269
2024-02-02,South,Product C,3.0,71.51960523370016,133.52044625860202
2024-02-03,West,Product D,93.0,18.304355795894686,1777.0753005313704
2024-02-04,North,Product A,64.0,387.37752376097706,24887.03221245184
2024-02-05,West,Product C,44.0,405.50621330879244,17816.848572445593
2024-02-06,West,Product C,53.0,68.90154226908236,3655.9185946612542
2024-02-07,East,Product A,24.0,,
2024-02-08,North,Product B,,18.600658049648167,
2024-02-09,West,Product B,3.0,153.7212192824767,561.0059401596476
2024-02-10,West,Product D,20.0,388.83951822014905,7745.87498326733
2024-02-11,South,Product B,46.0,263.8006585791637,12023.572464440427
2024-02-12,West,Product A,15.0,180.56684065246117,2605.4719624574836
2024-02-13,West,Product C,,192.15225450410185,
2024-02-14,South,Product B,94.0,10.663276600579396,881.3409284443429
2024-02-15,East,Product D,78.0,156.90225850696558,12415.515060982216
2024-02-16,West,Product B,,326.7647834025859,
2024-02-17,South,Product A,17.0,487.355277470015,8391.487992351113
2024-02-18,North,Product D,84.0,425.05980522211075,35761.26046781897
2024-02-19,East,Product B,9.0,21.56153267630927,200.17655493380076
2024-02-20,North,Product D,38.0,450.29469629067125,17118.67399138207
2024-02-21,North,Product A,48.0,393.7672225163267,18861.075416892694
2024-02-22,South,Product C,60.0,392.3843005497804,23511.479795342806
2024-02-23,West,Product A,63.0,234.41792191175003,14627.518743058961
2024-02-24,South,Product A,86.0,205.02259354770638,17740.125660206773
2024-02-25,South,Product A,2.0,158.4287071282644,135.53408565622425
2024-02-26,South,Product A,88.0,42.19048088763923,3606.901259059333
2024-02-27,South,Product C,72.0,,
2024-02-28,East,Product C,11.0,130.83578113923207,1452.8108808380352
2024-02-29,West,Product D,64.0,247.1977641579988,15838.427950614943
2024-03-01,North,Product B,77.0,376.2477592323801,29034.81131567004
2024-03-02,North,Product C,81.0,242.16681591499383,19461.47833980236
2024-03-03,West,Product C,72.0,38.343780229108695,2621.372839848824
2024-03-04,North,Product B,21.0,479.3170024842199,10021.167617513735
2024-03-05,West,Product C,18.0,471.934916356115,8404.492398655302
2024-03-06,North,Product A,94.0,394.7428761427201,37098.334760914746
2024-03-07,South,Product A,64.0,495.7506717664681,31776.597922584173
2024-03-08,North,Product B,82.0,276.7963430721288,22836.216436701623
2024-03-09,West,Product D,95.0,481.756491624071,45847.9755382657
2024-03-10,West,Product D,38.0,47.04646990220788,1688.338185115004
2024-03-11,West,Product B,32.0,189.18356664807195,6016.377724943523
2024-03-12,West,Product B,11.0,120.43682132331526,1260.1105174315064
2024-03-13,West,Product A,45.0,105.95821122579231,4666.463417259419
2024-03-14,East,Product D,89.0,78.99344495741128,6905.999089941822
2024-03-15,East,Product C,33.0,,
2024-03-16,North,Product A,41.0,392.8477093161795,16107.820306286623
2024-03-17,West,Product B,8.0,293.3662157159767,2324.5067050673388
2024-03-18,North,Product D,11.0,82.01172769822274,950.5547613398803
2024-03-19,West,Product C,86.0,407.45064726740077,35094.130275370626
2024-03-20,West,Product C,51.0,321.61780651022696,16514.390697392217
2024-03-21,East,Product A,88.0,200.20119600222782,17543.339086859374
2024-03-22,East,Product D,41.0,340.32384481267087,13993.54985900679
2024-03-23,South,Product D,,137.3534398289881,
2024-03-24,East,Product B,76.0,179.14418216216316,13595.942049950529
2024-03-25,South,Product D,46.0,459.5680631346752,21145.805160911263
2024-03-26,South,Product D,,152.347207778996,
2024-03-27,South,Product A,79.0,240.29425139738893,18994.277970978445
2024-03-28,South,Product D,,446.16915732404715,
2024-03-29,South,Product C,54.0,356.78346163108847,19206.6080889812
2024-03-30,North,Product A,86.0,40.47958082070435,3499.411377870921
2024-03-31,East,Product A,92.0,82.17849169669547,7484.530752143944
2024-04-01,South,Product B,20.0,13.842379478239241,568.9228461533729
2024-04-02,West,Product D,33.0,319.15167721229005,10440.718916229209
2024-04-03,East,Product B,74.0,229.35997845110498,16902.57313994731
2024-04-04,East,Product C,40.0,75.79467694211502,3120.0518853859126
2024-04-05,South,Product A,32.0,479.3877193178175,15297.460503820044
2024-04-06,North,Product A,97.0,269.53326473335375,26233.031291905416
2024-04-07,South,Product A,2.0,128.5277141153157,272.35768760321986
2024-04-08,North,Product C,,255.2957498658067,
2024-04-09,West,Product C,33.0,343.01396304020284,11244.185245414215
2024-04-10,East,Product B,77.0,47.35721680704659,3567.6220379789
2024-04-11,West,Product B,30.0,144.60486937346707,4298.913980952738
2024-04-12,North,Product B,33.0,405.4130905331569,13361.192355759697
2024-04-13,North,Product D,77.0,235.23578649730402,18029.96743595002
2024-04-14,West,Product A,26.0,277.8227995958245,7212.469546472782
2024-04-15,North,Product A,22.0,222.07984108263994,4776.344974551278
2024-04-16,West,Product B,66.0,31.510971895072508,2155.314266734421
2024-04-17,East,Product A,38.0,91.2173921118764,3560.9971401973003
2024-04-18,West,Product B,90.0,228.31540298352655,20477.953749496533
2024-04-19,East,Product D,46.0,,
2024-04-20,West,Product D,15.0,34.48972404324258,535.137541349626
2024-04-21,North,Product C,98.0,423.38833538539365,41618.593477071736
2024-04-22,West,Product D,44.0,,
2024-04-23,North,Product B,49.0,398.6400082584023,19393.086132338085
2024-04-24,West,Product D,75.0,428.35461163528686,32227.226355611667
2024-04-25,West,Product C,61.0,128.56879385535223,7836.541091382966
2024-04-26,South,Product A,67.0,480.7072180014679,32203.164636052294
2024-04-27,North,Product B,6.0,106.4935951821799,689.4328076581355
2024-04-28,South,Product A,9.0,476.20060707729783,4237.709716654069
2024-04-29,North,Product C,6.0,497.461454043316,3094.4387874707263
2024-04-30,South,Product C,73.0,358.7441748155639,26330.720988713147
2024-05-01,East,Product C,95.0,490.76042857799274,46768.369142662836
2024-05-02,West,Product A,32.0,289.0744919878808,9065.992264785657
2024-05-03,North,Product A,41.0,137.17547375628425,5601.228697134811
2024-05-04,North,Product A,76.0,224.1279839761542,16840.203723706945
2024-05-05,West,Product A,8.0,300.8448583356051,2330.230860490507
2024-05-06,North,Product C,72.0,,
2024-05-07,North,Product C,50.0,314.9481996624506,15792.436646586477
2024-05-08,South,Product B,92.0,490.77714001352433,45173.42784480225
2024-05-09,North,Product B,62.0,103.15274839402653,6352.210289773968
2024-05-10,East,Product A,84.0,398.3716069813078,33384.10017537483
2024-05-11,East,Product D,62.0,454.87040895201346,28233.3685174602
2024-05-12,West,Product D,7.0,472.4137804819082,3205.7542562362473
2024-05-13,North,Product C,75.0,480.46644615866916,35927.037250423455
2024-05-14,West,Product C,84.0,265.51522297352125,22183.037109582314
2024-05-15,East,Product C,80.0,488.8808749158368,39090.08590019308
2024-05-16,North,Product B,4.0,381.08200149587503,1466.0972490302238
2024-05-17,North,Product B,6.0,89.21900375611133,496.890220690301
2024-05-18,West,Product C,58.0,243.6810521693053,14185.68189982158
2024-05-19,East,Product C,22.0,361.98227593228194,8059.939730996152
2024-05-20,North,Product C,26.0,131.19675475135085,3556.163702024711
2024-05-21,West,Product D,3.0,323.9014399389548,977.7180176136936
2024-05-22,East,Product B,41.0,336.6342347328434,13836.762534302858
2024-05-23,West,Product D,60.0,89.72287446619728,5402.257103684929
2024-05-24,South,Product D,14.0,286.8918031018506,3849.066673544518
2024-05-25,North,Product C,75.0,388.0971863795178,29070.319272866724
2024-05-26,South,Product C,82.0,254.45887562261154,20829.11797878008
2024-05-27,East,Product A,12.0,15.930527220292639,140.08504406655052
2024-05-28,South,Product A,87.0,14.428849848853167,1251.2160039883418
2024-05-29,South,Product D,12.0,184.94437854530597,2197.3844872222385
2024-05-30,East,Product B,13.0,463.8350935315732,5931.223539517946
2024-05-31,West,Product C,25.0,122.0516220057683,3036.187954759502
2024-06-01,South,Product C,45.0,320.83820754712673,14373.8142999122
2024-06-02,West,Product D,19.0,118.81717663972708,1995.6020834631254
2024-06-03,South,Product A,55.0,167.61829493317882,9079.299329293788
2024-06-04,West,Product B,45.0,425.54062390472717,19158.21950829403
2024-06-05,East,Product A,8.0,367.14210671227397,3046.3259851136027
2024-06-06,South,Product A,93.0,56.74564588347321,5034.624741395181
2024-06-07,East,Product A,53.0,220.06399028335247,11576.352321642315
2024-06-08,South,Product A,55.0,24.293184186179587,1379.2705136393533
2024-06-09,East,Product C,32.0,245.6361718354744,7948.1770451104985
2024-06-10,East,Product C,51.0,334.59266573352335,17022.214596252088
2024-06-11,South,Product A,44.0,68.06628556309425,2926.6383289340406
2024-06-12,South,Product B,82.0,151.55362006549117,12549.367920359296
2024-06-13,South,Product D,70.0,204.9399464960569,14425.40552532384
2024-06-14,North,Product B,18.0,460.5702020814644,8376.125477273961
2024-06-15,West,Product B,83.0,496.6949575572524,41178.87507700288
2024-06-16,North,Product B,22.0,32.00653650785177,815.5132269411067
2024-06-17,North,Product A,37.0,382.8938825127421,13972.566779685087
2024-06-18,East,Product C,96.0,192.1447925371482,18559.023092732128
2024-06-19,South,Product B,56.0,202.30451125244522,11322.399414792742
2024-06-20,West,Product A,59.0,379.5898369400411,22408.693798587206
2024-06-21,East,Product B,3.0,460.02895175125025,1285.5615894460032
2024-06-22,North,Product B,28.0,475.9550113062487,13145.33768176415
2024-06-23,South,Product A,74.0,292.79006715877716,21677.235384528685
2024-06-24,East,Product C,35.0,184.98936805724637,6529.767336962763
2024-06-25,South,Product C,61.0,395.8990520708018,24220.111414800787
2024-06-26,East,Product D,93.0,132.99067779852714,12427.610894845484
2024-06-27,South,Product A,54.0,286.3962741284237,15502.214972440228
2024-06-28,North,Product D,63.0,185.70344614718786,11606.938463653538
2024-06-29,West,Product D,79.0,331.7492261168593,26284.936470483888
2024-06-30,North,Product D,97.0,127.79546731781838,12292.59809508085
2024-07-01,West,Product C,7.0,,
2024-07-02,South,Product A,76.0,459.9371524709642,34946.82540091266
2024-07-03,East,Product D,49.0,59.88380464527308,2929.2355056318324
2024-07-04,North,Product A,,257.91937479011654,
2024-07-05,West,Product A,85.0,118.21786365187437,10148.665272962735
2024-07-06,North,Product C,31.0,29.07568202957705,978.4100108119023
2024-07-07,West,Product D,58.0,27.649220962798932,1521.609030886771
2024-07-08,North,Product D,61.0,95.8586683318554,5923.645723287034
2024-07-09,West,Product A,24.0,434.71747370794014,10351.740407993519
2024-07-10,West,Product B,20.0,148.41458454874305,3047.081831147627
2024-07-11,South,Product C,,475.7249935818949,
2024-07-12,West,Product C,4.0,294.99492356470483,1170.611688064983
2024-07-13,South,Product C,92.0,223.94095298669538,20520.47856082541
2024-07-14,West,Product C,20.0,294.2435289880328,5971.864145005458
2024-07-15,East,Product D,60.0,263.18220876087116,15902.449203061171
2024-07-16,East,Product D,24.0,381.80036434108933,9183.108395565338
2024-07-17,East,Product B,50.0,148.42307232669762,7437.764530728669
2024-07-18,West,Product C,49.0,182.99469188414815,9037.157614571373
2024-07-19,South,Product C,51.0,448.10620824129285,22965.52810830085
2024-07-20,South,Product A,96.0,473.7636914436987,45485.04549606129
2024-07-21,West,Product D,36.0,447.3535314683725,16054.759600366613
2024-07-22,East,Product C,98.0,215.52951703908366,21186.61941847425
2024-07-23,East,Product B,66.0,392.37909647337204,25711.14763013319
2024-07-24,South,Product B,79.0,243.4045093175384,19319.921390041418
2024-07-25,East,Product D,34.0,253.79452755159008,8557.995241809893
2024-07-26,North,Product B,36.0,110.29325343806914,3946.534337143244
2024-07-27,South,Product B,6.0,299.6538485966731,1889.5282238918696
2024-07-28,East,Product D,39.0,101.20658989914048,3905.5060544275093
2024-07-29,South,Product C,42.0,172.46670254292493,7308.342394660328
2024-07-30,North,Product C,58.0,428.96479879376824,24993.849205445997
2024-07-31,South,Product B,12.0,111.46714651331907,1348.6090671645793
2024-08-01,South,Product B,3.0,44.86755973498208,165.74749478741742
2024-08-02,South,Product C,18.0,43.81372038027999,776.7033794506679
2024-08-03,South,Product D,40.0,470.9844150465229,18850.936401567287
2024-08-04,North,Product B,21.0,258.39101460129893,5314.570828632274
2024-08-05,West,Product A,15.0,210.61191519033898,3129.8049191992773
2024-08-06,South,Product D,97.0,407.33050469388,39382.23839460811
2024-08-07,South,Product B,99.0,419.5547046761528,41446.03904048639
2024-08-08,East,Product B,26.0,172.77360622664625,4291.8188598255865
2024-08-09,South,Product A,,349.87284816215964,
2024-08-10,East,Product A,94.0,387.85017976742444,36627.07711467564
2024-08-11,West,Product C,87.0,330.7788365643177,28732.148207581587
2024-08-12,North,Product D,42.0,84.28158665204869,3636.339998443283
2024-08-13,North,Product D,44.0,439.18271092335794,19436.60856222944
2024-08-14,West,Product C,14.0,274.1563308406443,3718.2749083341923
2024-08-15,North,Product D,78.0,148.4114889213018,11477.716744092459
2024-08-16,West,Product D,2.0,218.36181086447002,535.8034305641607
2024-08-17,West,Product D,37.0,28.409834295464616,1041.9297326330056
2024-08-18,West,Product D,69.0,72.6547325989846,4884.0976627148775
2024-08-19,North,Product D,38.0,385.1179077527718,14570.79453591247
2024-08-20,East,Product A,41.0,10.005701030129408,452.1997667165123
2024-08-21,West,Product D,62.0,214.11725595632316,13195.876201881554
2024-08-22,South,Product A,60.0,266.0299887319383,15684.345637372859
2024-08-23,North,Product D,,36.77086580047643,
2024-08-24,West,Product C,89.0,486.8082998564431,43301.83936783792
2024-08-25,West,Product B,84.0,120.80141231233925,10148.24127765093
2024-08-26,South,Product A,2.0,159.05737262177763,444.0030825725082
2024-08-27,East,Product D,70.0,158.93183100496339,11130.58045013734
2024-08-28,East,Product C,17.0,122.90416443750145,2113.6645308800953
2024-08-29,East,Product B,89.0,10.722172822292594,1059.8270785489829
2024-08-30,West,Product A,28.0,367.3789491031182,10287.644976470885
2024-08-31,West,Product B,66.0,483.7542949016498,32141.4355380379
2024-09-01,West,Product C,35.0,119.90380680967208,4070.262408940622
2024-09-02,North,Product A,5.0,334.89312398367696,1581.0508486076005
2024-09-03,South,Product B,65.0,373.5292002097704,24340.793854462157
2024-09-04,West,Product D,40.0,425.7284357543571,17154.56878346815
2024-09-05,South,Product A,76.0,217.08830653666848,16478.631797099944
2024-09-06,South,Product B,56.0,158.43614376381032,8771.361933694438
2024-09-07,East,Product C,36.0,169.39461567128524,6274.305122688804
2024-09-08,North,Product C,45.0,359.1844532182713,16084.063505341777
2024-09-09,West,Product A,23.0,410.22193858776166,9469.010032631815
2024-09-10,East,Product B,47.0,98.9908442007353,4783.984858569337
2024-09-11,East,Product A,31.0,191.76109399730495,5900.433391574352
2024-09-12,West,Product A,11.0,451.9506964070835,4909.244876752247
2024-09-13,South,Product B,10.0,405.2798246504222,3997.4294723012554
2024-09-14,East,Product B,67.0,492.58061735361315,33093.05648834955
2024-09-15,South,Product D,14.0,379.5816472442196,5420.15783193934
2024-09-16,North,Product B,80.0,202.66564850368192,16216.624419470767
2024-09-17,South,Product C,74.0,299.4125386573725,22344.83608595254
2024-09-18,North,Product A,93.0,333.8969845811869,31055.616221977394
2024-09-19,South,Product A,10.0,48.44334999539073,613.6668213707239
2024-09-20,East,Product C,76.0,276.8035099608939,20993.866596602842
2024-09-21,East,Product B,94.0,,
2024-09-22,North,Product C,1.0,91.98743896051958,249.00058051849072
2024-09-23,West,Product C,5.0,392.509541538523,1949.7502441397637
2024-09-24,North,Product D,20.0,296.0486624519147,6064.427269909994
2024-09-25,North,Product C,8.0,476.5886749918214,3951.107449051773
2024-09-26,South,Product A,43.0,30.78692612137693,1479.1419308484726
2024-09-27,South,Product C,76.0,140.0098074021788,10392.546728993559
2024-09-28,North,Product A,1.0,304.7614008569138,376.69654578599733
2024-09-29,East,Product A,57.0,155.31435698090604,8907.148224842218
2024-09-30,South,Product A,64.0,360.06784039490867,23091.4491133685
2024-10-01,West,Product B,,381.9125884357462,
2024-10-02,South,Product D,28.0,60.23282239257248,1711.300154943482
2024-10-03,South,Product A,37.0,261.78868746131616,9814.495466598506
2024-10-04,West,Product A,47.0,259.3563722396174,12243.696832631353
2024-10-05,North,Product B,76.0,190.94757740561514,14533.706527199987
2024-10-06,West,Product A,37.0,467.1331826591393,17397.86585987172
2024-10-07,North,Product C,49.0,415.4780967378784,20400.22935799723
2024-10-08,North,Product C,44.0,351.632597135722,15523.191116707107
2024-10-09,North,Product D,56.0,360.0200515101488,20347.826595449456
2024-10-10,West,Product A,28.0,236.24091046842835,6571.297421861029
2024-10-11,North,Product B,79.0,461.2873153373222,36290.126877808325
2024-10-12,East,Product C,6.0,350.35175935410984,2109.346907223739
2024-10-13,West,Product B,61.0,367.2007202113501,22420.69826738805
2024-10-14,East,Product B,20.0,432.22854285579916,8716.723760061703
2024-10-15,North,Product C,78.0,144.29507877767358,11265.747736124735
2024-10-16,South,Product B,2.0,405.4647428946845,886.4414101866248
2024-10-17,North,Product C,73.0,105.6678954486811,7964.218035780877
2024-10-18,East,Product B,37.0,179.21755659999505,6711.201026087518
2024-10-19,East,Product C,20.0,174.44912259222292,3586.713981949605
2024-10-20,West,Product A,26.0,489.47747951067885,12713.461326505405
2024-10-21,South,Product D,29.0,429.70323963648417,12322.86824050731
2024-10-22,West,Product C,1.0,353.57323217922726,123.76207346625273
2024-10-23,East,Product C,35.0,366.2578131915412,12767.15540349037
2024-10-24,North,Product D,70.0,285.4156692572598,19721.059682411673
2024-10-25,South,Product C,59.0,474.07442688317434,28021.746088609212
2024-10-26,North,Product C,69.0,253.16678891235716,17430.226736510158
2024-10-27,North,Product B,33.0,196.45367783624832,6351.63388194867
2024-10-28,South,Product D,51.0,89.8873150964796,4597.340481915322
2024-10-29,West,Product A,78.0,395.2407696079184,30754.91681005346
2024-10-30,North,Product C,12.0,369.8775267170398,4483.607945969554
2024-10-31,East,Product D,20.0,198.3339688768261,4037.442010518773
2024-11-01,North,Product B,53.0,22.344772840022387,1114.0895442223423
2024-11-02,South,Product A,88.0,421.1086905818253,37033.836653091596
2024-11-03,South,Product D,43.0,15.594811892496079,692.0664867611534
2024-11-04,South,Product A,98.0,354.81289201823495,34630.95919643278
2024-11-05,West,Product A,89.0,485.42598376576797,43224.39330744105
2024-11-06,North,Product A,50.0,224.4540507926197,11079.600674823047
2024-11-07,West,Product C,29.0,125.13696844801686,3685.5437829477755
2024-11-08,West,Product C,57.0,355.38679492125704,20213.530944248832
2024-11-09,South,Product B,39.0,410.39278958763674,15861.66452051341
2024-11-10,South,Product B,95.0,277.75085487814516,26328.333853509706
2024-11-11,West,Product D,56.0,483.8472848755116,27041.680494909302
2024-11-12,North,Product B,43.0,35.31767361240094,1625.5120536719346
2024-11-13,East,Product A,50.0,257.3498431692188,12884.82262838952
2024-11-14,West,Product A,23.0,362.0424341880495,8231.348240568625
2024-11-15,North,Product C,44.0,432.6938308630977,19203.435186696344
2024-11-16,South,Product A,38.0,97.83524983481712,3780.3885338741065
2024-11-17,South,Product D,84.0,,
2024-11-18,North,Product A,23.0,280.8264671020872,6303.6253247785025
2024-11-19,East,Product A,45.0,204.31130417508197,9151.549329930669
2024-11-20,South,Product D,52.0,74.54036400375584,3854.047619729537
2024-11-21,South,Product B,80.0,433.9949218653671,34756.496982374396
2024-11-22,South,Product B,50.0,87.06387200806053,4413.919251368992
2024-11-23,North,Product D,8.0,161.79605101245863,1375.0266176407426
2024-11-24,West,Product C,85.0,152.12231066159407,12769.24966315164
2024-11-25,South,Product A,1.0,436.9928767535186,457.84335886984286
2024-11-26,West,Product D,8.0,339.62446716236,2701.034154774059
2024-11-27,East,Product A,29.0,400.3738846237724,11878.640381706387
2024-11-28,South,Product C,96.0,132.7292704083245,12748.47940310879
2024-11-29,South,Product A,,316.18830880742945,
2024-11-30,East,Product D,86.0,290.15553174043686,24964.41261534926
2024-12-01,South,Product A,47.0,418.0868846262528,19649.226748632806
2024-12-02,West,Product B,34.0,453.98265963581764,15236.506496902699
2024-12-03,North,Product C,65.0,15.956818023919535,1078.0236178965536
2024-12-04,West,Product C,55.0,340.2697603388084,18683.781009566606
2024-12-05,North,Product C,90.0,35.39954156866722,3183.2896196639977
2024-12-06,North,Product D,43.0,278.9407458879044,11907.095219790835
2024-12-07,West,Product C,74.0,150.94003723140233,11060.171332102549
2024-12-08,West,Product B,30.0,160.32053376584918,4897.50424638304
2024-12-09,West,Product D,82.0,182.94966669165473,15112.71833435997
2024-12-10,West,Product B,17.0,314.43330003430896,5387.175961126975
2024-12-11,East,Product A,26.0,173.6844831776969,4334.716802564156
2024-12-12,South,Product A,8.0,369.0225347892374,3000.4866142400315
2024-12-13,North,Product A,47.0,208.21841893119614,9606.67203463255
2024-12-14,West,Product A,76.0,43.493068151879726,3239.355616060033
2024-12-15,West,Product B,91.0,394.04232281721255,35944.407221242065
2024-12-16,West,Product D,72.0,150.02157905042594,10867.313539801118
2024-12-17,East,Product D,89.0,222.05577100363868,19808.660355777192
2024-12-18,West,Product C,46.0,345.86750277873176,16041.19539321364
2024-12-19,West,Product B,68.0,172.90351700286888,11813.440670935875
2024-12-20,West,Product A,33.0,37.72697151189065,1043.0881373883035
2024-12-21,South,Product B,1.0,193.22131303627867,156.26822841064268
2024-12-22,East,Product C,19.0,472.7798055202087,8978.65545911086
2024-12-23,West,Product C,31.0,324.4498546762935,10042.071322288162
2024-12-24,North,Product B,80.0,339.0247828469314,27060.269110244273
2024-12-25,North,Product B,14.0,319.81825528244354,4374.43996060785
2024-12-26,North,Product B,53.0,107.50614809012403,5937.900345722505
2024-12-27,East,Product D,48.0,214.98359341011727,10280.338001165052
2024-12-28,East,Product A,69.0,377.96050119802595,26314.434788001236
2024-12-29,North,Product B,,59.67271980104798,
2024-12-30,West,Product B,,146.147860283959,
2024-12-31,East,Product B,92.0,145.39636314826828,13399.429551279669
2025-01-01,North,Product C,66.0,221.68927452130794,14539.297165699818
2025-01-02,North,Product C,64.0,490.3806830616707,31337.608004964855
2025-01-03,West,Product D,70.0,43.07624787507275,3013.8243443189954
2025-01-04,South,Product A,63.0,264.16348724649157,16557.888034812357
2025-01-05,East,Product D,73.0,97.88869418598313,7120.260616173226
2025-01-06,West,Product A,33.0,485.63150725077463,15789.349496736502
2025-01-07,North,Product C,41.0,65.51871731645745,2757.4190090016295
2025-01-08,North,Product C,89.0,207.76449115717972,18613.754880401273
2025-01-09,West,Product C,48.0,371.56364256895705,17880.491214059806
2025-01-10,East,Product D,13.0,355.2316697334482,4844.437519328605
2025-01-11,South,Product B,73.0,217.1370320780268,15919.212964455946
2025-01-12,South,Product B,77.0,179.79684229683193,13958.637820733815
2025-01-13,North,Product C,31.0,204.83006549090658,6473.568313469115
2025-01-14,East,Product B,75.0,139.49536894773325,10187.05133542143
2025-01-15,South,Product B,68.0,110.6131399663319,7564.060837585525
2025-01-16,East,Product D,98.0,246.6894518038561,24037.27278174622
2025-01-17,East,Product A,4.0,141.58154047312757,448.23581673542975
2025-01-18,North,Product C,19.0,150.85621579965255,2765.5707730132067
2025-01-19,South,Product C,70.0,331.810471102533,23195.46139717557
2025-01-20,West,Product D,98.0,484.58329253294715,47554.20866430259
2025-01-21,North,Product D,82.0,305.78222827409377,25117.541700976362
2025-01-22,South,Product B,13.0,47.71993886183348,619.1010669220755
2025-01-23,South,Product C,23.0,,
2025-01-24,South,Product A,83.0,476.19737821432733,39602.731023948385
2025-01-25,South,Product D,75.0,155.6724872505935,11719.698962717846
2025-01-26,South,Product A,,55.11282318041296,
2025-01-27,East,Product A,88.0,303.53184770368694,26636.869318988774
2025-01-28,North,Product C,54.0,315.5879013622304,17044.379456954706
2025-01-29,East,Product C,71.0,327.7673618581572,23344.827980243266
2025-01-30,West,Product D,89.0,141.02699365019524,12418.544469094977
2025-01-31,South,Product C,,17.404235265092765,
2025-02-01,North,Product C,15.0,482.8575310326912,7086.300519851423
2025-02-02,South,Product C,65.0,132.9375923886402,8743.535303833542
2025-02-03,North,Product A,76.0,341.2528811457483,25959.453694913343
2025-02-04,East,Product D,71.0,356.2486362405677,25159.039569484714
2025-02-05,North,Product B,15.0,308.90363436894796,4498.28166175379
2025-02-06,West,Product A,21.0,163.32462316468764,3468.560273616866
2025-02-07,West,Product C,19.0,142.83716434439222,2851.3860139997687
2025-02-08,North,Product A,60.0,302.8574585243245,18061.768927714536
2025-02-09,North,Product C,93.0,434.38686046972884,40476.63843454639
2025-02-10,North,Product C,89.0,473.8995271724638,42122.8341465465
2025-02-11,North,Product A,33.0,61.89384415784124,2124.816267478049
2025-02-12,West,Product D,49.0,85.86602017288273,4275.754079507785
2025-02-13,South,Product C,96.0,472.92076680370906,45415.92359730431
2025-02-14,North,Product D,35.0,370.90226188404836,12798.140035313634
2025-02-15,North,Product B,44.0,442.66697416658883,19545.46542834232
2025-02-16,West,Product C,90.0,109.28999072631815,9886.30109246832
2025-02-17,West,Product D,11.0,297.91707684360694,3318.1308205991268
2025-02-18,East,Product D,99.0,353.55840126456206,35021.84913151474
2025-02-19,North,Product B,72.0,343.2548238690166,24626.468629735984
2025-02-20,East,Product D,78.0,209.9943285246821,16487.853902027113
2025-02-21,West,Product D,74.0,17.543496928741153,1388.032744808509
2025-02-22,West,Product B,66.0,295.6337678340889,19404.286399365403
2025-02-23,South,Product C,46.0,134.0197541980083,6296.3381941601565
2025-02-24,North,Product D,9.0,230.62458061001627,2088.7881689536853
2025-02-25,East,Product D,3.0,479.2146973910705,1450.5577874877288
2025-02-26,West,Product D,85.0,205.52730564479302,17452.18544616554
2025-02-27,West,Product A,26.0,421.5027872655691,10951.27312924629
2025-02-28,East,Product B,72.0,102.38489681713305,7508.802489664557
2025-03-01,South,Product A,48.0,339.5056440322641,16399.578412008526
2025-03-02,West,Product B,66.0,488.7334076750823,32357.589614919372
2025-03-03,North,Product C,70.0,59.92761942773903,4213.38979519627
2025-03-04,West,Product C,28.0,14.076771691324087,483.0667797105141
2025-03-05,North,Product D,93.0,222.45556838998104,20604.93655286418
2025-03-06,East,Product B,26.0,55.38648669516993,1498.392951924225
2025-03-07,North,Product C,25.0,376.70833134135336,9402.359480336936
2025-03-08,East,Product B,12.0,458.1288452857939,5291.565644688694
2025-03-09,North,Product C,5.0,222.67027662729183,954.7412172542629
2025-03-10,East,Product A,98.0,136.76870465616605,13337.035178295351
2025-03-11,North,Product C,48.0,,
2025-03-12,South,Product A,37.0,364.4894307465005,13419.90095878712
2025-03-13,North,Product C,79.0,14.43653917438178,1081.3749210376898
2025-03-14,North,Product D,44.0,298.8324548475016,13224.954105477555
2025-03-15,South,Product A,15.0,310.5129255948157,4602.192671977267
2025-03-16,West,Product C,43.0,322.4672409790084,13999.172086300803
2025-03-17,West,Product D,48.0,128.59081919062982,6288.871695132245
2025-03-18,North,Product A,87.0,359.8858344552821,31312.255729666675
2025-03-19,South,Product D,70.0,54.78182830257044,3910.0741263457635
2025-03-20,North,Product B,46.0,107.6424648687324,5013.277429397329
2025-03-21,East,Product B,43.0,439.9603228606961,18893.727355413994
2025-03-22,East,Product A,21.0,371.9743438560175,7897.624687273583
2025-03-23,North,Product C,23.0,16.735321465559174,485.8025992469137
2025-03-24,West,Product A,80.0,131.70436758120212,10441.10588341713
2025-03-25,West,Product D,47.0,115.05917666665063,5423.136167164654
2025-03-26,North,Product C,15.0,142.69510073811657,2154.6768933293647
2025-03-27,North,Product B,25.0,131.30428743714435,3367.5691326736796
2025-03-28,East,Product C,36.0,40.63788491399441,1418.5780218588652
2025-03-29,West,Product B,75.0,234.88085313244196,17556.287951655504
2025-03-30,North,Product C,51.0,369.0394026452209,18837.90950093738
2025-03-31,East,Product C,15.0,307.29854511154383,4727.614098998515
2025-04-01,West,Product C,68.0,339.7071176130591,22980.146286147028
2025-04-02,South,Product D,21.0,49.76309748275718,942.5444318041881
2025-04-03,East,Product D,13.0,476.23044798662573,6138.945333029075
2025-04-04,West,Product A,86.0,420.86099858308216,36159.78817093691
2025-04-05,West,Product A,19.0,404.49425606287474,7508.832584950869
2025-04-06,East,Product B,34.0,413.26206447046604,14200.729720687359
2025-04-07,South,Product D,78.0,467.02814898505306,36415.16496169922
2025-04-08,East,Product B,68.0,276.68444339571187,18786.53169849041
2025-04-09,West,Product A,52.0,108.13818875513668,5785.449569070649
2025-04-10,North,Product B,27.0,312.22396784774514,8501.8264814015
2025-04-11,North,Product A,29.0,374.0119318972901,10792.803837288076
2025-04-12,East,Product D,28.0,371.57952274347247,10420.687421348044
2025-04-13,West,Product C,35.0,265.5100218417713,9288.677051224347
2025-04-14,North,Product D,8.0,43.54477247345325,493.1932654805537
2025-04-15,West,Product B,16.0,191.84533983076264,3052.783017123843
2025-04-16,East,Product B,,461.1756381470451,
2025-04-17,North,Product D,30.0,296.37996578113876,8703.676562753633
2025-04-18,West,Product D,18.0,273.7826521952996,5075.603874256061
2025-04-19,North,Product A,2.0,141.73822204727483,204.61497431828664
2025-04-20,East,Product B,49.0,190.53997075912366,9403.47973276039
2025-04-21,West,Product B,77.0,448.71958368505295,34558.58428682059
2025-04-22,North,Product D,4.0,336.5668932881495,1304.6020943647723
2025-04-23,East,Product C,90.0,395.8196431086431,35597.78313807757
2025-04-24,North,Product B,89.0,232.629257303151,20862.34168813339
2025-04-25,North,Product C,94.0,318.8211375335174,29824.380585286326
2025-04-26,South,Product D,75.0,131.70796828417167,9839.452098237283
2025-04-27,South,Product D,7.0,355.6758068389083,2580.3872239407283
2025-04-28,East,Product A,95.0,219.52465351463528,20726.527583045725
2025-04-29,South,Product B,74.0,226.84730225922533,16918.428647960434
2025-04-30,East,Product C,39.0,328.167939042672,12887.77459423957
2025-05-01,South,Product A,13.0,468.7775045197741,6121.287127270297
2025-05-02,North,Product B,31.0,41.363109838224254,1231.940714557525
2025-05-03,East,Product A,71.0,414.1241863000337,29261.660611784
2025-05-04,East,Product D,63.0,153.26772410197464,9726.57120783781
2025-05-05,North,Product B,56.0,227.52053270812513,13016.014325103397
2025-05-06,East,Product A,42.0,20.73753109975439,885.5655597813702
2025-05-07,East,Product A,61.0,157.51257813881338,9425.662725394426
2025-05-08,South,Product C,42.0,256.2893088887639,10809.902622340758
2025-05-09,East,Product A,56.0,37.52627790024512,2187.497859553846
2025-05-10,West,Product B,36.0,250.63690739775092,8931.143423129439
2025-05-11,North,Product B,84.0,464.2842081406294,38935.322291203935
2025-05-12,South,Product C,68.0,61.64267687282456,4116.964204477441
2025-05-13,South,Product B,7.0,384.57595675699713,2638.895310612611
2025-05-14,West,Product D,54.0,210.7388161542364,11362.67976090096
2025-05-15,North,Product B,1.0,331.0351201169256,244.94500926757533
2025-05-16,North,Product B,,137.5159330127624,
2025-05-17,South,Product A,45.0,88.15120864526556,3984.2419276044516
2025-05-18,East,Product A,47.0,88.62668099290096,4147.187802679975
2025-05-19,South,Product B,13.0,44.541053365140876,535.4095167351497
2025-05-20,North,Product C,22.0,100.96688540160908,2229.590450507551
2025-05-21,West,Product A,21.0,335.46749864459446,6892.79990098064
2025-05-22,South,Product C,86.0,442.02839980331896,38040.76267538511
2025-05-23,North,Product B,92.0,408.9215859396693,37579.21708642061
2025-05-24,South,Product B,9.0,345.7158118384972,3135.3912533577527
2025-05-25,East,Product D,26.0,64.1116130714403,1706.8668503993447
2025-05-26,South,Product A,9.0,151.70184868501542,1478.4317659937565
2025-05-27,South,Product B,15.0,161.8053689080098,2437.375975319038
2025-05-28,North,Product D,10.0,132.4789037348344,1431.4609203537766
2025-05-29,North,Product A,88.0,262.35277325776434,23054.852732570253
2025-05-30,North,Product B,42.0,272.4213692910396,11414.27975888722
2025-05-31,South,Product B,72.0,184.874127833844,13301.8443867544
2025-06-01,East,Product A,24.0,183.35668778085366,4477.972996808309
2025-06-02,West,Product A,80.0,415.99224297397984,33342.47534562068
2025-06-03,West,Product A,49.0,396.75349567664597,19454.42847614183
2025-06-04,North,Product B,26.0,160.81995752356536,4058.5453614522476
2025-06-05,North,Product B,91.0,457.75633749789705,41717.132629885265
2025-06-06,South,Product D,37.0,476.87935833122793,17558.395794777138
2025-06-07,West,Product C,68.0,170.10384559472,11475.47176106099
2025-06-08,North,Product A,50.0,183.66822490859687,9069.562736436075
2025-06-09,East,Product B,24.0,257.7607351767598,6177.940773162031
2025-06-10,East,Product B,19.0,471.14919814150005,9073.00719453557
2025-06-11,North,Product A,60.0,439.39652223973263,26267.255279945937
2025-06-12,North,Product C,39.0,60.258301665959,2517.9313602898096
2025-06-13,West,Product A,74.0,202.43806420299396,15071.39777326691
2025-06-14,West,Product C,89.0,281.1518829773882,24876.057378662485
2025-06-15,South,Product B,18.0,256.5349115502546,4579.350889686751
2025-06-16,West,Product C,,104.9929032890774,
2025-06-17,East,Product D,36.0,430.8202178723958,15576.023389179822
2025-06-18,East,Product B,74.0,,
2025-06-19,North,Product D,97.0,,
2025-06-20,West,Product A,55.0,430.7944968812414,23661.124750794566
2025-06-21,South,Product A,69.0,376.6943682962125,26108.85081980829
2025-06-22,East,Product A,47.0,225.2131946123615,10565.768524396733
2025-06-23,East,Product C,49.0,309.16790995755804,15189.071974256012
2025-06-24,South,Product B,99.0,88.57904899867414,8813.048960623444
2025-06-25,South,Product A,98.0,340.08625456270477,33177.22538787096
2025-06-26,East,Product A,33.0,97.83409531224757,3138.587732588704
2025-06-27,East,Product B,21.0,350.0352993499768,7351.387705069273
2025-06-28,South,Product A,81.0,122.50309876944465,9867.015501959479
2025-06-29,East,Product D,22.0,67.60013707360778,1657.648470658787
2025-06-30,North,Product B,,90.98940017004914,
2025-07-01,North,Product B,37.0,10.976146257344432,315.19140119845895
2025-07-02,South,Product B,15.0,362.1824127482298,5461.790617171422
2025-07-03,West,Product D,35.0,368.87651403860576,12847.888657572872
2025-07-04,South,Product B,92.0,262.31734145749715,23844.012154194716
2025-07-05,South,Product D,71.0,89.06777251713801,6517.27997165818
2025-07-06,West,Product B,32.0,50.94162538023797,1522.7014735449663
2025-07-07,West,Product C,,19.373193554270635,
2025-07-08,West,Product A,10.0,91.21660671295814,786.8269500071659
2025-07-09,North,Product C,73.0,446.5192121417419,32509.59899563886
2025-07-10,East,Product A,78.0,128.35305243382408,9849.244789570153
2025-07-11,North,Product D,77.0,183.59295033643568,14062.53783587924
2025-07-12,East,Product C,57.0,61.61928739585326,3447.871199818781
2025-07-13,North,Product B,25.0,118.95703932660344,2960.6694154305965
2025-07-14,East,Product A,2.0,264.4200396823005,491.58319512695607
2025-07-15,North,Product A,64.0,307.79881471686974,19554.972159183282
2025-07-16,West,Product C,35.0,130.2226339414434,4505.402205116126
2025-07-17,South,Product D,,38.288758020307434,
2025-07-18,North,Product C,85.0,201.60610587242533,17269.358053697335
2025-07-19,East,Product D,18.0,124.75965175390373,2291.242434461736
2025-07-20,West,Product D,67.0,117.58142238260295,7944.265224308416
2025-07-21,North,Product A,42.0,480.33277332959307,20380.058759956446
2025-07-22,North,Product C,39.0,311.9872381036048,12224.627051999438
2025-07-23,West,Product C,41.0,282.87043715432696,11662.10690938116
2025-07-24,North,Product D,75.0,213.72980072642775,15873.276751870728
2025-07-25,South,Product C,24.0,220.18272338077068,5173.122305014683
2025-07-26,North,Product B,60.0,275.0434518806596,16499.338081139453
2025-07-27,South,Product B,46.0,351.2506054476925,16076.783628086432
2025-07-28,South,Product C,19.0,354.05158712909645,6627.184626750515
2025-07-29,West,Product C,68.0,94.13001477567029,6312.595099922355
2025-07-30,North,Product D,90.0,255.05524851754723,22812.61530236114
2025-07-31,West,Product B,42.0,211.85946656670995,8818.959147193615
2025-08-01,North,Product B,32.0,436.5582134719983,14003.806386585034
2025-08-02,North,Product A,39.0,319.3952713970044,12636.047977131642
2025-08-03,East,Product D,36.0,270.9269925438311,9833.069949849281
2025-08-04,North,Product A,97.0,66.54337466766951,6518.322891267886
2025-08-05,West,Product B,36.0,306.76256576847163,10881.099029225139
2025-08-06,South,Product D,3.0,67.42991378331438,214.21941185214484
2025-08-07,North,Product C,73.0,175.2312220272185,12785.183217657237
2025-08-08,East,Product D,8.0,79.99256275902262,669.0146117672988
2025-08-09,West,Product C,97.0,349.1160870419408,33828.191696120506
2025-08-10,North,Product C,70.0,111.06353577971478,7940.655178681502
2025-08-11,West,Product D,41.0,202.01109286213273,8287.732358977224
2025-08-12,East,Product C,68.0,448.8806410332015,30538.90592575139
2025-08-13,East,Product A,13.0,,
2025-08-14,West,Product B,,258.82448133980176,
2025-08-15,North,Product C,60.0,215.44311397135078,13041.512773284112
2025-08-16,South,Product A,2.0,18.88078011240757,93.3191210389187
2025-08-17,East,Product C,60.0,398.4514756506783,23691.529445066386
2025-08-18,North,Product B,5.0,43.832494094153866,174.1949631561469
2025-08-19,North,Product A,44.0,242.38496027870727,10838.12819899942
2025-08-20,South,Product B,27.0,284.73236452008547,7672.709770014155
2025-08-21,East,Product B,32.0,317.92896374114764,10205.968437987838
2025-08-22,East,Product A,21.0,347.42949836085904,7457.92039430677
2025-08-23,North,Product A,8.0,134.1034679261304,1057.3663292543526
2025-08-24,North,Product A,72.0,14.889600562640194,1151.1542265058843
2025-08-25,South,Product D,50.0,364.4873945539069,18265.50931541118
2025-08-26,South,Product A,67.0,272.4717336803135,18318.121042932045
2025-08-27,East,Product A,44.0,419.6976745715519,18504.61924683163
2025-08-28,West,Product A,58.0,412.4802978213402,23869.094285786254
2025-08-29,East,Product A,3.0,423.22982221606276,1224.9097115059212
2025-08-30,North,Product C,86.0,247.69638338997467,21216.43135350099
2025-08-31,East,Product D,,,
2025-09-01,West,Product B,2.0,397.8635192697713,920.180029607207
2025-09-02,South,Product A,87.0,231.1341153843349,20109.676335125256
2025-09-03,West,Product C,44.0,99.8866762376829,4514.429772710493
2025-09-04,West,Product C,2.0,428.9372695851224,1014.4118066287098
2025-09-05,West,Product C,81.0,442.45433961845015,35844.14325718542
2025-09-06,South,Product B,35.0,238.49178050868335,8215.863404634854
2025-09-07,West,Product A,98.0,47.09286638179586,4595.482090830747
2025-09-08,West,Product D,87.0,200.0347840592963,17335.911852482466
2025-09-09,West,Product D,30.0,403.7334531366756,11913.98854819477
2025-09-10,North,Product C,8.0,451.86927398765204,3564.7813014083285
2025-09-11,West,Product B,22.0,109.70164382382195,2406.2824429176317
2025-09-12,South,Product B,44.0,,
2025-09-13,West,Product B,58.0,439.9017220350909,25437.145369340127
2025-09-14,West,Product D,36.0,200.80842009964888,7101.349541374064
2025-09-15,South,Product C,69.0,275.462872491106,19026.530416721744
2025-09-16,West,Product A,77.0,484.3522479048719,37482.05001699676
2025-09-17,South,Product D,93.0,42.6167166779692,4091.2170398562503
2025-09-18,West,Product C,31.0,327.6758236515268,10223.313221996026
2025-09-19,South,Product C,47.0,,
2025-09-20,West,Product A,55.0,193.97977494858517,10655.623307746271
2025-09-21,West,Product A,80.0,403.86912714478893,32129.078853654413
2025-09-22,North,Product A,62.0,222.40139405026085,13751.943262170102
2025-09-23,North,Product B,30.0,498.6193534124457,14861.652833640157
2025-09-24,West,Product A,,283.93904962383505,
2025-09-25,West,Product C,16.0,167.36945479161722,2801.232747059751
2025-09-26,East,Product A,12.0,117.85454969332903,1611.5955553447943
